Workbook

Sheet README
A1: ETL Tool Comparison Matrix — Takasbank on-premises Exadata EDW
A2: Grid view of five candidates. Desk assessment from official documentation and bank notes (sources rechecked 12 October 2026). No installation, test or quote at Takasbank. All mandatory gates Pending; cost unassessed. Ratings are architect judgment on the 0–5 desk scale, not acceptance results.
A4: Sheet | B4: Content
A5: A Scorecard | B5: Rating per criterion, points contributed (weight × rating ÷ 5), points earned / 91.5, provisional fit / 100 (rescaled, cost excluded). Formulas live; change a rating and the fit updates.
A6: A1 Cost sensitivity | B6: Cost-rating advantage a challenger needs over ODI for the order to flip (full score = points + 1.7 × cost rating).
A7: B Gates | B7: Three mandatory pass/fail gates per candidate with the decisive evidence and P-tests.
A8: C Capabilities | B8: Feature grid F01–F36 using the workbook labels; label counts per tool via COUNTIF. Evidence for ratings, never added to the score.
A9: D Fit factors | B9: Yes / No / Partly against Takasbank's situation and disposition.
A10: E Risk heat map | B10: Ten risk themes rated H / M / L per candidate with H counts.
A11: F PoC exposure | B11: How decisively each P01–P12 test can move each candidate (H / M / L) plus the single decisive PoC per tool.
A12: G Confidence | B12: Evidence confidence per dimension.
A14: Legend
A15: 0–5 | B15: 0 unsuitable · 1 major gaps · 2 material extra work · 3 credible documented path · 4 strong architectural fit · 5 demonstrated superiority (never awarded on paper)
A16: Built-in | B16: Product capability; configuration required
A17: Limited | B17: Partial scope or partial coverage
A18: Implement | B18: Bank-specific SQL / code / design
A19: Add-on | B19: Another product, service or component is required
A20: Validate | B20: Insufficient evidence for the selected offer; must be proven
A21: Out of scope | B21: Absent from the baseline product
A22: H / M / L | B22: Risk or exposure: high / medium / low
A24: Related | B24: ETL-Tool-Comparison.xlsx (system of record for ratings and source IDs) · Obsidian notes: ETL Tool Comparison, ETL Tool Evaluation, ETL Proof of Concept and Acceptance, ETL Vendor RFI and Commercial Evaluation, ETL Selection Decision Record
A25: Update rule | B25: Replace desk ratings with test-supported ratings after each P-test; enter cost only when comparable five-year quotes exist; flip gates to Pass/Fail with named evidence; a Fail removes the column.

Sheet A Scorecard
A1: Matrix A — Weighted scorecard
A2: Rating per criterion and the points it contributes to the 100-point scale (weight × rating ÷ 5). Cost (8.5 points) is excluded, not scored zero; provisional fit rescales the remaining 91.5 points to 100.
A4: # | B4: Criterion | C4: Weight | D4: ODI rating | E4: PC rating | F4: dbt rating | G4: CDP rating | H4: Spark rating | I4: ODI points | J4: PC points | K4: dbt points | L4: CDP points | M4: Spark points | N4: Row max
A5: 03 | B5: Source integration and data movement | C5: 9.35 | D5: 4 | E5: 4 | F5: 2 | G5: 3 | H5: 2 | I5: =D5*$C5/5 | J5: =E5*$C5/5 | K5: =F5*$C5/5 | L5: =G5*$C5/5 | M5: =H5*$C5/5 | N5: =MAX(D5:H5)
A6: 04 | B6: Transformation and Exadata efficiency | C6: 11.05 | D6: 4 | E6: 3 | F6: 4 | G6: 2 | H6: 2 | I6: =D6*$C6/5 | J6: =E6*$C6/5 | K6: =F6*$C6/5 | L6: =G6*$C6/5 | M6: =H6*$C6/5 | N6: =MAX(D6:H6)
A7: 05 | B7: Data correctness, history and reconciliation | C7: 17 | D7: 3.5 | E7: 3 | F7: 3 | G7: 2.5 | H7: 2.5 | I7: =D7*$C7/5 | J7: =E7*$C7/5 | K7: =F7*$C7/5 | L7: =G7*$C7/5 | M7: =H7*$C7/5 | N7: =MAX(D7:H7)
A8: 06 | B8: Scheduling, operational reporting and recovery | C8: 10.2 | D8: 4 | E8: 3.5 | F8: 2.5 | G8: 2.5 | H8: 2 | I8: =D8*$C8/5 | J8: =E8*$C8/5 | K8: =F8*$C8/5 | L8: =G8*$C8/5 | M8: =H8*$C8/5 | N8: =MAX(D8:H8)
A9: 07 | B9: Security, metadata and auditability | C9: 13.6 | D9: 3 | E9: 3 | F9: 2.5 | G9: 3.5 | H9: 2 | I9: =D9*$C9/5 | J9: =E9*$C9/5 | K9: =F9*$C9/5 | L9: =G9*$C9/5 | M9: =H9*$C9/5 | N9: =MAX(D9:H9)
A10: 08 | B10: Development, testing and change management | C10: 5.95 | D10: 3 | E10: 2.5 | F10: 4 | G10: 3 | H10: 3.5 | I10: =D10*$C10/5 | J10: =E10*$C10/5 | K10: =F10*$C10/5 | L10: =G10*$C10/5 | M10: =H10*$C10/5 | N10: =MAX(D10:H10)
A11: 09 | B11: Operating model, support and lifecycle | C11: 9.35 | D11: 4 | E11: 3 | F11: 2 | G11: 2 | H11: 1.5 | I11: =D11*$C11/5 | J11: =E11*$C11/5 | K11: =F11*$C11/5 | L11: =G11*$C11/5 | M11: =H11*$C11/5 | N11: =MAX(D11:H11)
A12: 10 | B12: Five-year cost and exit effort | C12: 8.5 | D12: unassessed | E12: unassessed | F12: unassessed | G12: unassessed | H12: unassessed | I12: excluded | J12: excluded | K12: excluded | L12: excluded | M12: excluded | N12: =MAX(D12:H12)
A13: 12 | B13: AI integration (local only) | C13: 8 | D13: 2 | E13: 2 | F13: 3 | G13: 3 | H13: 3 | I13: =D13*$C13/5 | J13: =E13*$C13/5 | K13: =F13*$C13/5 | L13: =G13*$C13/5 | M13: =H13*$C13/5 | N13: =MAX(D13:H13)
A14: 13 | B14: Open-source licensing and flexibility | C14: 7 | D14: 2 | E14: 2 | F14: 4 | G14: 3 | H14: 4 | I14: =D14*$C14/5 | J14: =E14*$C14/5 | K14: =F14*$C14/5 | L14: =G14*$C14/5 | M14: =H14*$C14/5 | N14: =MAX(D14:H14)
B15: Total weight | C15: =SUM(C5:C14)
B16: Assessed weight (cost excluded) | C16: =SUMIF(D5:D14,"<>unassessed",C5:C14)
B17: Points earned / assessed weight | I17: =SUM(I5:I14) | J17: =SUM(J5:J14) | K17: =SUM(K5:K14) | L17: =SUM(L5:L14) | M17: =SUM(M5:M14)
B18: Provisional fit / 100 (rescaled) | I18: =I17/$C$16*100 | J18: =J17/$C$16*100 | K18: =K17/$C$16*100 | L18: =L17/$C$16*100 | M18: =M17/$C$16*100
B19: Rank (provisional) | I19: =RANK(I18,$I$18:$M$18) | J19: =RANK(J18,$I$18:$M$18) | K19: =RANK(K18,$I$18:$M$18) | L19: =RANK(L18,$I$18:$M$18) | M19: =RANK(M18,$I$18:$M$18)
B20: Criteria led or tied for lead (of 9) | I20: =SUMPRODUCT(--(ISNUMBER(D5:D14)),--(D5:D14=$N5:$N14)) | J20: =SUMPRODUCT(--(ISNUMBER(E5:E14)),--(E5:E14=$N5:$N14)) | K20: =SUMPRODUCT(--(ISNUMBER(F5:F14)),--(F5:F14=$N5:$N14)) | L20: =SUMPRODUCT(--(ISNUMBER(G5:G14)),--(G5:G14=$N5:$N14)) | M20: =SUMPRODUCT(--(ISNUMBER(H5:H14)),--(H5:H14=$N5:$N14))
A22: Reading: ODI leads or ties on five of nine criteria; dbt is strongest on development discipline and openness; Cloudera only leads on security/metadata; PowerCenter and Spark lead nothing outright. Cost can reorder PowerCenter vs dbt (see A1).

Sheet A1 Cost sensitivity
A1: Matrix A.1 — Cost sensitivity
A2: Full weighted score = points earned + 1.7 × cost rating (cost weight 8.5 ÷ 5). The table shows how much better a challenger's cost rating must be than ODI's for the order to flip. Points are linked to sheet A.
A4: Pair | B4: Challenger points | C4: ODI points | D4: Gap in points | E4: Cost-rating advantage needed | F4: Reading
A5: PC vs ODI | B5: ='A Scorecard'!J17 | C5: ='A Scorecard'!I17 | D5: =C5-B5 | E5: =IF(D5/1.7>5,"> 5 (unreachable)",TEXT(D5/1.7,"0.0")&" of 5") | F5: Only if ODI prices near-unacceptably and PC near-free: unlikely
A6: dbt vs ODI | B6: ='A Scorecard'!K17 | C6: ='A Scorecard'!I17 | D6: =C6-B6 | E6: =IF(D6/1.7>5,"> 5 (unreachable)",TEXT(D6/1.7,"0.0")&" of 5") | F6: Zero licence fee alone does not close the gap; people and surrounding components count
A7: CDP vs ODI | B7: ='A Scorecard'!L17 | C7: ='A Scorecard'!I17 | D7: =C7-B7 | E7: =IF(D7/1.7>5,"> 5 (unreachable)",TEXT(D7/1.7,"0.0")&" of 5") | F7: Not reachable through cost (needs more than the 5-point scale allows)
A8: Spark vs ODI | B8: ='A Scorecard'!M17 | C8: ='A Scorecard'!I17 | D8: =C8-B8 | E8: =IF(D8/1.7>5,"> 5 (unreachable)",TEXT(D8/1.7,"0.0")&" of 5") | F8: Not reachable through cost
A9: dbt vs PC | B9: ='A Scorecard'!K17 | C9: ='A Scorecard'!J17 | D9: =C9-B9 | E9: =TEXT(D9/1.7,"0.0")&" of 5" | F9: Cost decides this pair; dbt likely overtakes PC once quotes exist
A11: Conclusion: cost can reorder the challengers but does not realistically dislodge the lead on desk ratings. PoC evidence (which can move 05, 06 and 09 by whole points) matters more than price for the top spot.

Sheet B Gates
A1: Matrix B — Mandatory gates
A2: Pass / fail, outside the score. A single Fail excludes the candidate. All cells are Pending until bank-side tests exist.
A4: Gate | B4: Oracle ODI | C4: Informatica PowerCenter | D4: dbt Core v1 + Oracle | E4: Cloudera (on premises) | F4: Apache Spark (on premises) | G4: Decisive evidence (P-test)
A5: Fully on-premises operation | B5: Pending | C5: Pending — CDI-PC / IDMC control plane fails this gate; only a fully local PowerCenter offer is evaluable | D5: Pending — telemetry off, package mirror, no cloud MCP tools | E5: Pending — every optional service must be inspected, not just Base | F5: Pending — every surrounding component must be inspected | G5: P01
A6: Security, support and operating acceptance | B6: Pending — exact-release support, DBA/ETL responsibility split | C6: Pending — written local-product roadmap and support horizon | D6: Pending — Oracle-maintained adapter is not an incident SLA; support route required | E6: Pending — cluster team and on-call must exist | F6: Pending — bank or provider must own every component | G6: P11, P12
A7: Correctness, deadlines and recovery tests | B7: Pending — restart after partial commit | C7: Pending — full pushdown changes reject/recovery behaviour | D7: Pending — ingestion + tests + publication, not only dbt run | E7: Pending — cluster → Oracle handoff | F7: Pending — at-least-once sinks must not duplicate publication | G7: P04–P07, P09

Sheet C Capabilities
A1: Matrix C — Capability matrix F01–F36
A2: Labels copied from the workbook feature grid (section 11 of ETL-Tool-Comparison.xlsx). Evidence for the ratings, not a score; feature counts are never added to Matrix A.
A4: # | B4: Feature | C4: Group | D4: ODI | E4: PC | F4: dbt | G4: CDP | H4: Spark
A5: F01 | B5: Oracle read / write | C5: Connectivity and ingestion (03) | D5: Built-in | E5: Built-in | F5: Limited | G5: Built-in | H5: Built-in
A6: F02 | B6: Other relational sources | C6: Connectivity and ingestion (03) | D6: Built-in | E6: Built-in | F6: Add-on | G6: Built-in | H6: Built-in
A7: F03 | B7: File ingestion | C7: Connectivity and ingestion (03) | D7: Built-in | E7: Built-in | F7: Limited | G7: Built-in | H7: Built-in
A8: F04 | B8: REST / API ingestion | C8: Connectivity and ingestion (03) | D8: Implement | E8: Validate | F8: Add-on | G8: Add-on | H8: Implement
A9: F05 | B9: Oracle redo-log CDC | C9: Connectivity and ingestion (03) | D9: Add-on | E9: Add-on | F9: Add-on | G9: Add-on | H9: Add-on
A10: F06 | B10: Visual mapping designer | C10: Transformation (04; history under 05) | D10: Built-in | E10: Built-in | F10: Out of scope | G10: Add-on | H10: Out of scope
A11: F07 | B11: Exadata SQL execution (pushdown) | C11: Transformation (04; history under 05) | D11: Built-in | E11: Built-in | F11: Built-in | G11: Limited | H11: Limited
A12: F08 | B12: Distributed processing | C12: Transformation (04; history under 05) | D12: Limited | E12: Limited | F12: Limited | G12: Built-in | H12: Built-in
A13: F09 | B13: Incremental upserts | C13: Transformation (04; history under 05) | D13: Built-in | E13: Built-in | F13: Built-in | G13: Implement | H13: Implement
A14: F10 | B14: SCD type 2 history | C14: Transformation (04; history under 05) | D14: Built-in | E14: Built-in | F14: Validate | G14: Implement | H14: Implement
A15: F11 | B15: Data quality rules | C15: Data correctness (05) | D15: Built-in | E15: Implement | F15: Built-in | G15: Implement | H15: Implement
... A40: F36 | B40: Extend / replace components | C40: Open source and extensibility (13) | D40: Limited | E40: Limited | F40: Built-in | G40: Validate | H40: Built-in
B42: Label counts (F01–F34, F36; F35 is a licence label)
B43: Label | D43: ODI | E43: PC | F43: dbt | G43: CDP | H43: Spark
B44: Built-in | D44: =COUNTIF(D$5:D$40,"Built-in") | E44: =COUNTIF(E$5:E$40,"Built-in") | F44: =COUNTIF(F$5:F$40,"Built-in") | G44: =COUNTIF(G$5:G$40,"Built-in") | H44: =COUNTIF(H$5:H$40,"Built-in")
B45: Limited | D45: =COUNTIF(D$5:D$40,"Limited") | E45: =COUNTIF(E$5:E$40,"Limited") | F45: =COUNTIF(F$5:F$40,"Limited") | G45: =COUNTIF(G$5:G$40,"Limited") | H45: =COUNTIF(H$5:H$40,"Limited")
B46: Implement | D46: =COUNTIF(D$5:D$40,"Implement") | E46: =COUNTIF(E$5:E$40,"Implement") | F46: =COUNTIF(F$5:F$40,"Implement") | G46: =COUNTIF(G$5:G$40,"Implement") | H46: =COUNTIF(H$5:H$40,"Implement")
B47: Add-on | D47: =COUNTIF(D$5:D$40,"Add-on") | E47: =COUNTIF(E$5:E$40,"Add-on") | F47: =COUNTIF(F$5:F$40,"Add-on") | G47: =COUNTIF(G$5:G$40,"Add-on") | H47: =COUNTIF(H$5:H$40,"Add-on")
B48: Validate | D48: =COUNTIF(D$5:D$40,"Validate") | E48: =COUNTIF(E$5:E$40,"Validate") | F48: =COUNTIF(F$5:F$40,"Validate") | G48: =COUNTIF(G$5:G$40,"Validate") | H48: =COUNTIF(H$5:H$40,"Validate")
B49: Out of scope | D49: =COUNTIF(D$5:D$40,"Out of scope") | E49: =COUNTIF(E$5:E$40,"Out of scope") | F49: =COUNTIF(F$5:F$40,"Out of scope") | G49: =COUNTIF(G$5:G$40,"Out of scope") | H49: =COUNTIF(H$5:H$40,"Out of scope")
B50: Bank-built or bought (Implement + Add-on) | D50: =D46+D47 | E50: =E46+E47 | F50: =F46+F47 | G50: =G46+G47 | H50: =H46+H47
B52: Reading: the two packaged ETL products come with the most out of the box; dbt, CDP and Spark each shift roughly half of the features onto the bank or onto additional components. Rows marked Implement for everyone (F13, F15, F20, F34) are bank intellectual property regardless of tool and should be designed once, tool-agnostically, in PL/SQL on Exadata.

Sheet D Fit factors
A1: Matrix D — Takasbank fit factors
A2: Yes / No / Partly against the bank's situation, not against generic product merit.
A4: Fit factor | B4: Oracle ODI | C4: Informatica PowerCenter | D4: dbt Core v1 + Oracle | E4: Cloudera (on premises) | F4: Apache Spark (on premises)
A5: Transformation runs inside Exadata by default | B5: Yes | C5: Partly (pushdown coverage varies) | D5: Yes | E5: No (out and back) | F5: No (out and back)
A6: Needs a second compute estate | B6: No | C6: Partly (Integration Service domain) | D6: No (small runner) | E6: Yes (cluster + DR) | F6: Yes (cluster + DR)
A7: Readable / tunable by the Oracle DBA + PL/SQL team | B7: Yes | C7: Partly | D7: Yes (SQL) | E7: No | F7: No
A8: New skill profile required | B8: ODI/KM developer | C8: PC admin + developers | D8: Python/CI owner | E8: Cluster/platform team | F8: Distributed-systems team
A9: Can start Pilot A with zero procurement | B9: No | C9: No | D9: Yes | E9: No | F9: Engine yes, service no
A10: S2 batch from sur standby, SCN-consistent | B10: Yes | C10: Yes | D10: Yes (bank ingestion) | E10: Yes (+ consistency design) | F10: Yes (+ consistency design)
A11: S0 CDC without extra product | B11: No | C11: No | D11: No | E11: No | F11: No
A12: Trigger-free on prod Kale / read-only standby | B12: Yes if JKMs avoided | C12: Yes | D12: Yes | E12: Yes | F12: Yes
A13: Automic as house scheduler | B13: Native CLI / Load Plan | C13: Native CLI | D13: Native CLI | E13: Add-on / Build | F13: Add-on / Build
A14: Contractual support route exists today | B14: Oracle | C14: Informatica / partner (local roadmap unproven) | D14: None | E14: Cloudera (team does not exist) | F14: None
A15: Vendor product-direction risk | B15: L | C15: H | D15: M (Core v1 vs Fusion) | E15: L–M | F15: L
... A18: Disposition | B18: Lead shortlist | C18: Challenger | D18: Conditional | E18: Defer | F18: Specialist complement

Sheet E Risk heat map
A1: Matrix E — Risk heat map
A2: Exposure of each candidate to the programme's main risk themes (H / M / L). Mitigations are in the Obsidian note ETL Tool Comparison, section 8.
A4: Risk theme | B4: ODI | C4: PC | D4: dbt | E4: CDP | F4: Spark
A5: Locality gate failed by telemetry, licence checks or assistants | B5: L | C5: H | D5: M | E5: M | F5: M
A6: Hidden CDC dependency (GoldenGate / PowerExchange / connector) | B6: H | C6: H | D6: M | E6: M | F6: M
A7: Vendor discontinues or de-prioritises the on-prem product | B7: L | C7: H | D7: M | E7: L | F7: L
A8: No incident support path | B8: L | C8: M | D8: H | E8: M | F8: H
A9: Staffing gap vs team that exists | B9: L | C9: M | D9: M | E9: H | F9: H
A10: Second estate / data leaves Exadata | B10: L | C10: M | D10: L | E10: H | F10: H
A11: Correctness handoff (reject loss, duplicate publication) | B11: M | C11: H | D11: M | E11: M | F11: H
A12: In-house framework becomes unsupported product | B12: L | C12: L | D12: M | E12: M | F12: H
A13: Lock-in / exit cost | B13: M | C13: H | D13: L | E13: H | F13: M
A14: Tool purchase blocks first business result | B14: H | C14: H | D14: L | E14: H | F14: M
A15: Count of H | B15: =COUNTIF(B$5:B$14,"H") | C15: =COUNTIF(C$5:C$14,"H") | D15: =COUNTIF(D$5:D$14,"H") | E15: =COUNTIF(E$5:E$14,"H") | F15: =COUNTIF(F$5:F$14,"H")
A16: Count of M | B16: =COUNTIF(B$5:B$14,"M") | C16: =COUNTIF(C$5:C$14,"M") | D16: =COUNTIF(D$5:D$14,"M") | E16: =COUNTIF(E$5:E$14,"M") | F16: =COUNTIF(F$5:F$14,"M")
A17: Count of L | B17: =COUNTIF(B$5:B$14,"L") | C17: =COUNTIF(C$5:C$14,"L") | D17: =COUNTIF(D$5:D$14,"L") | E17: =COUNTIF(E$5:E$14,"L") | F17: =COUNTIF(F$5:F$14,"L")

Sheet F PoC exposure
A1: Matrix F — Proof-of-concept exposure
A2: How much each P-test (ETL Proof of Concept and Acceptance) can move a candidate's ratings or gate status: H decisive, M material, L confirmatory. Sequence the PoC by running the H cells first.
A4: Test | B4: Name | C4: ODI | D4: PC | E4: dbt | F4: CDP | G4: Spark | H4: Criterion / gate
A5: P01 | B5: Disconnected deployment and operation | C5: L | D5: H | E5: H | F5: H | G5: M | H5: Gate 1
A6: P02 | B6: Oracle batch extraction and consistent loading | C6: H | D6: M | E6: M | F6: M | G6: H | H6: 03, 05
A7: P03 | B7: File and API ingestion | C7: M | D7: M | E7: H | F7: M | G7: H | H7: 03
A8: P04 | B8: Incremental changes and deletes | C8: M | D8: M | E8: H | F8: M | G8: H | H8: 05
A9: P05 | B9: Historical correction and schema change | C9: M | D9: M | E9: H | F9: M | G9: M | H9: 05
A10: P06 | B10: Reconciliation and report semantics | C10: M | D10: H | E10: M | F10: H | G10: H | H10: 05, gate 3
A11: P07 | B11: Partial failure, restart and replay | C11: H | D11: H | E11: M | F11: H | G11: H | H11: 06, gate 3
A12: P08 | B12: Restore and disaster recovery | C12: M | D12: M | E12: H | F12: H | G12: H | H12: 06, 09
A13: P09 | B13: Controlled report, API and file delivery | C13: M | D13: M | E13: M | F13: H | G13: H | H13: 06
A14: P10 | B14: Concurrency, scale and cost of movement | C14: H | D14: H | E14: H | F14: H | G14: H | H14: 04, 10
A15: P11 | B15: Security, entitlement and audit | C15: M | D15: M | E15: H | F15: M | G15: H | H15: 07, gate 2
A16: P12 | B16: Release, upgrades, support and handover | C16: M | D16: H | E16: H | F16: H | G16: H | H16: 09, gate 2
B17: Count of H (run these first) | C17: =COUNTIF(C$5:C$16,"H") | D17: =COUNTIF(D$5:D$16,"H") | E17: =COUNTIF(E$5:E$16,"H") | F17: =COUNTIF(F$5:F$16,"H") | G17: =COUNTIF(G$5:G$16,"H")
B18: Decisive PoC (single run) | C18: Standby + file load, late correction, kill after partial commit, replay with unchanged totals | D18: Complex report mapping under no/partial/full pushdown with reject, duplicate, outage | E18: Incremental + snapshot + hard delete + failing test on local Exadata; Automic → ingestion → dbt → publish, egress blocked | F18: Only after scope justification: source → cluster → Oracle with failed worker and target outage | G18: Only for a justified workload: executor failure during JDBC writes; prove dedup and atomic visibility

Sheet G Confidence
A1: Matrix G — Evidence confidence
A2: Confidence in the desk evidence behind each dimension. Cost has no evidence for any candidate.
A4: Dimension | B4: Oracle ODI | C4: Informatica PowerCenter | D4: dbt Core v1 + Oracle | E4: Cloudera (on premises) | F4: Apache Spark (on premises)
A5: Product capability (documentation) | B5: Medium–high | C5: Medium (some pages reachable only via index) | D5: Medium | E5: Medium | F5: High
A6: Offered licensing / lifecycle | B6: Medium (quote required) | C6: Low | D6: Medium (open source) | E6: Low (bundle unpriced) | F6: Medium
A7: Bank fit / operations | B7: Medium | C7: Low | D7: Low (adapter support, ops ownership) | E7: Low (staffing) | F7: Low (assembled service)
A8: Cost | B8: None | C8: None | D8: None | E8: None | F8: None
A9: Gate status | B9: Pending ×3 | C9: Pending ×3 | D9: Pending ×3 | E9: Pending ×3 | F9: Pending ×3
